{
  "results": [
    {
      "command": "zt",
      "mean": 0.03150967268130435,
      "stddev": 0.0028033984034885537,
      "median": 0.031193182540000003,
      "user": 0.0008368621739130433,
      "system": 0.002629625217391304,
      "min": 0.027070397540000003,
      "max": 0.04100233654,
      "times": [
        0.031223490540000003,
        0.02956697154,
        0.031955783540000005,
        0.02843850354,
        0.02939503854,
        0.03278976254,
        0.03043912754,
        0.03041957454,
        0.032543807540000004,
        0.031871808540000005,
        0.03315660754,
        0.03080247454,
        0.03108440154,
        0.028938164540000002,
        0.030581060540000003,
        0.02957950054,
        0.028537087540000002,
        0.033491948540000004,
        0.033054959540000005,
        0.032370465540000004,
        0.02981639054,
        0.03270614554,
        0.03367800854,
        0.02821954054,
        0.03466365854,
        0.03165043054,
        0.03176227754,
        0.02980461354,
        0.031054327540000003,
        0.02837006854,
        0.03270356554,
        0.029264149540000003,
        0.03460767754,
        0.03256846854,
        0.03362052254,
        0.03199512854,
        0.03017519154,
        0.03307635254,
        0.030839614540000004,
        0.03143431454,
        0.029456937540000002,
        0.03150894754,
        0.03449564554,
        0.03307492854,
        0.030213205540000003,
        0.04100233654,
        0.02932309954,
        0.028374442540000003,
        0.03308939054,
        0.040394195540000004,
        0.035993692540000004,
        0.039082153540000004,
        0.03173731954,
        0.034213237540000004,
        0.03130745254,
        0.030761388540000004,
        0.027877606540000002,
        0.029228555540000003,
        0.03253944554,
        0.02884547754,
        0.035801100540000005,
        0.039603906540000004,
        0.03689431354,
        0.03622727054,
        0.03190184554,
        0.03024825454,
        0.030987764540000004,
        0.03405861054,
        0.032150628540000004,
        0.02834013754,
        0.02797498354,
        0.02970638654,
        0.028189723540000003,
        0.031863884540000005,
        0.03113978354,
        0.03181271554,
        0.030347037540000003,
        0.028097311540000003,
        0.031251091540000005,
        0.030566833540000005,
        0.02748804254,
        0.027070397540000003,
        0.02947790154,
        0.030178225540000003,
        0.029964206540000003,
        0.031736880540000005,
        0.02831048254,
        0.03230164654,
        0.027211961540000003,
        0.031162874540000003,
        0.02910177154,
        0.03295146754
      ],
      "memory_usage_byte": [
        5857280,
        5857280,
        5857280,
        5857280,
        5857280,
        5857280,
        5857280,
        5857280,
        5857280,
        5857280,
        5857280,
        5857280,
        5857280,
        5857280,
        5857280,
        5857280,
        5857280,
        5857280,
        5857280,
        5857280,
        5857280,
        5857280,
        5857280,
        5857280,
        5857280,
        5857280,
        5857280,
        5857280,
        5857280,
        5857280,
        5857280,
        5857280,
        5857280,
        5857280,
        5857280,
        5857280,
        5857280,
        5857280,
        5857280,
        5857280,
        5857280,
        5857280,
        5857280,
        5857280,
        5857280,
        5857280,
        5857280,
        5857280,
        5857280,
        5857280,
        5857280,
        5857280,
        5857280,
        5857280,
        5857280,
        5857280,
        5857280,
        5857280,
        5857280,
        5857280,
        5857280,
        5857280,
        5857280,
        5857280,
        5857280,
        5857280,
        5857280,
        5857280,
        5857280,
        5857280,
        5857280,
        5857280,
        5857280,
        5857280,
        5857280,
        5857280,
        5857280,
        5857280,
        5857280,
        5857280,
        5857280,
        5857280,
        5857280,
        5857280,
        5857280,
        5857280,
        5857280,
        5857280,
        5857280,
        5857280,
        5857280,
        5857280
      ],
      "exit_codes": [
        0,
        0,
        0,
        0,
        0,
        0,
        0,
        0,
        0,
        0,
        0,
        0,
        0,
        0,
        0,
        0,
        0,
        0,
        0,
        0,
        0,
        0,
        0,
        0,
        0,
        0,
        0,
        0,
        0,
        0,
        0,
        0,
        0,
        0,
        0,
        0,
        0,
        0,
        0,
        0,
        0,
        0,
        0,
        0,
        0,
        0,
        0,
        0,
        0,
        0,
        0,
        0,
        0,
        0,
        0,
        0,
        0,
        0,
        0,
        0,
        0,
        0,
        0,
        0,
        0,
        0,
        0,
        0,
        0,
        0,
        0,
        0,
        0,
        0,
        0,
        0,
        0,
        0,
        0,
        0,
        0,
        0,
        0,
        0,
        0,
        0,
        0,
        0,
        0,
        0,
        0,
        0
      ]
    }
  ]
}
