{
  "results": [
    {
      "command": "zt",
      "mean": 0.029898418265106395,
      "stddev": 0.0025334021431630406,
      "median": 0.029451056680000004,
      "user": 0.0007976382978723404,
      "system": 0.0029061095744680842,
      "min": 0.02536395668,
      "max": 0.038164197680000005,
      "times": [
        0.03074419868,
        0.03036666668,
        0.02752525868,
        0.028701151680000002,
        0.03230500668,
        0.030004043680000002,
        0.034381591680000004,
        0.02772456068,
        0.03131174968,
        0.02848483768,
        0.02822616868,
        0.03003108368,
        0.03340020568,
        0.03015438368,
        0.030634075680000004,
        0.02969018968,
        0.02756412068,
        0.02882503568,
        0.027180727680000002,
        0.03255544868,
        0.02701845668,
        0.028262614680000003,
        0.02912962568,
        0.030180966680000004,
        0.02964095568,
        0.026862202680000002,
        0.02598846468,
        0.02566823268,
        0.02627691768,
        0.029052330680000002,
        0.030487841680000002,
        0.03185897568,
        0.028523570680000002,
        0.03179490668,
        0.02673051568,
        0.026964087680000002,
        0.02756751868,
        0.02862590068,
        0.03625857368,
        0.03144090668,
        0.027818358680000002,
        0.02850263468,
        0.03040170968,
        0.03238163068,
        0.029429822680000002,
        0.03115073768,
        0.038164197680000005,
        0.03199284768,
        0.03502245668,
        0.03255088068,
        0.03422464268,
        0.032158044680000004,
        0.035966294680000004,
        0.03208131568,
        0.03287785368,
        0.03280173468,
        0.02730863868,
        0.02763569768,
        0.02908442668,
        0.03078484568,
        0.030331517680000003,
        0.029029161680000002,
        0.029702438680000002,
        0.02751616168,
        0.030847651680000004,
        0.02844940668,
        0.02850140768,
        0.029216416680000003,
        0.03336995568,
        0.02937151068,
        0.03358615468,
        0.02881371768,
        0.03238525768,
        0.02875543468,
        0.026653035680000003,
        0.02741248168,
        0.02962402068,
        0.029472290680000002,
        0.03324447168,
        0.030195812680000003,
        0.033931025680000004,
        0.03107544868,
        0.02939476568,
        0.028699879680000002,
        0.02804226668,
        0.02722252168,
        0.030164146680000004,
        0.02763641268,
        0.025540287680000003,
        0.02536395668,
        0.02892763568,
        0.02859135368,
        0.02839899568,
        0.030501470680000003
      ],
      "memory_usage_byte": [
        5857280,
        5857280,
        5857280,
        5857280,
        5857280,
        5857280,
        5857280,
        5857280,
        5857280,
        5857280,
        5857280,
        5857280,
        5857280,
        5857280,
        5857280,
        5857280,
        5857280,
        5857280,
        5857280,
        5857280,
        5857280,
        5857280,
        5857280,
        5857280,
        5857280,
        5857280,
        5857280,
        5857280,
        5857280,
        5857280,
        5857280,
        5857280,
        5857280,
        5857280,
        5857280,
        5857280,
        5857280,
        5857280,
        5857280,
        5857280,
        5857280,
        5857280,
        5857280,
        5857280,
        5857280,
        5857280,
        5857280,
        5857280,
        5857280,
        5857280,
        5857280,
        5857280,
        5857280,
        5857280,
        5857280,
        5857280,
        5857280,
        5857280,
        5857280,
        5857280,
        5857280,
        5857280,
        5857280,
        5857280,
        5857280,
        5857280,
        5857280,
        5857280,
        5857280,
        5857280,
        5857280,
        5857280,
        5857280,
        5857280,
        5857280,
        5857280,
        5857280,
        5857280,
        5857280,
        5857280,
        5857280,
        5857280,
        5857280,
        5857280,
        5857280,
        5857280,
        5857280,
        5857280,
        5857280,
        5857280,
        5857280,
        5857280,
        5857280,
        5857280
      ],
      "exit_codes": [
        0,
        0,
        0,
        0,
        0,
        0,
        0,
        0,
        0,
        0,
        0,
        0,
        0,
        0,
        0,
        0,
        0,
        0,
        0,
        0,
        0,
        0,
        0,
        0,
        0,
        0,
        0,
        0,
        0,
        0,
        0,
        0,
        0,
        0,
        0,
        0,
        0,
        0,
        0,
        0,
        0,
        0,
        0,
        0,
        0,
        0,
        0,
        0,
        0,
        0,
        0,
        0,
        0,
        0,
        0,
        0,
        0,
        0,
        0,
        0,
        0,
        0,
        0,
        0,
        0,
        0,
        0,
        0,
        0,
        0,
        0,
        0,
        0,
        0,
        0,
        0,
        0,
        0,
        0,
        0,
        0,
        0,
        0,
        0,
        0,
        0,
        0,
        0,
        0,
        0,
        0,
        0,
        0,
        0
      ]
    },
    {
      "command": "st",
      "mean": 0.05698105656461539,
      "stddev": 0.002809788208186927,
      "median": 0.05646179918000001,
      "user": 0.021941269230769236,
      "system": 0.007373292307692309,
      "min": 0.05186937568,
      "max": 0.06422926368000001,
      "times": [
        0.05608876468,
        0.05186937568,
        0.05918469968,
        0.05975616568,
        0.05545814868,
        0.05541788268,
        0.05204887568,
        0.05843469568,
        0.06040505368,
        0.055413343680000005,
        0.057507972680000005,
        0.05553413068,
        0.060842624680000006,
        0.06306423468,
        0.054747964680000004,
        0.05457171768,
        0.054088464680000004,
        0.055477913680000004,
        0.05523717068,
        0.05352913068,
        0.059567693680000006,
        0.05930861568,
        0.06004815068,
        0.05853936668,
        0.056486482680000005,
        0.058271261680000006,
        0.056437115680000004,
        0.053208728680000004,
        0.059316876680000005,
        0.055141219680000006,
        0.055938498680000004,
        0.05428163468,
        0.05370708868,
        0.05563699368,
        0.053843495680000006,
        0.056223680680000006,
        0.058310993680000006,
        0.05866335568,
        0.06023223568,
        0.05669780868,
        0.056399422680000005,
        0.06233466068,
        0.059079463680000006,
        0.058640765680000005,
        0.056749892680000004,
        0.060412456680000004,
        0.053589291680000005,
        0.06422926368000001,
        0.057593277680000006,
        0.05394675368,
        0.05757839268,
        0.053921671680000005
      ],