{
  "results": [
    {
      "command": "zt",
      "mean": 0.030831206317647068,
      "stddev": 0.0024356711320468465,
      "median": 0.030019062,
      "user": 0.0010581470588235291,
      "system": 0.00252964588235294,
      "min": 0.026244815,
      "max": 0.039063862000000005,
      "times": [
        0.033744207000000005,
        0.028426646,
        0.027552143,
        0.034263026,
        0.028688129,
        0.030996285000000002,
        0.029393463,
        0.03035688,
        0.029857361000000002,
        0.029817928,
        0.029994257,
        0.029952257,
        0.029198341,
        0.030953788,
        0.034243567,
        0.034077003,
        0.028721868,
        0.030354340000000004,
        0.03140209000000001,
        0.03219102100000001,
        0.031928420000000006,
        0.028056187,
        0.032778935,
        0.028119061,
        0.033274741000000004,
        0.039063862000000005,
        0.032925087000000006,
        0.032367456,
        0.029156829000000002,
        0.029380191,
        0.028042083,
        0.029351254,
        0.028982836,
        0.029605507,
        0.032328292,
        0.030019062,
        0.032621911,
        0.033304017000000005,
        0.027651052,
        0.029239331,
        0.02919257,
        0.031831758,
        0.036260440000000005,
        0.03148800400000001,
        0.029912025000000002,
        0.028913794,
        0.029403848,
        0.031526917,
        0.03737858,
        0.032547415,
        0.033335501000000003,
        0.032122495,
        0.029953659,
        0.029989822,
        0.029124635,
        0.03410487400000001,
        0.028517023,
        0.03359994,
        0.036691791,
        0.030981500999999998,
        0.027902986,
        0.031662536000000005,
        0.029212877,
        0.02953378,
        0.029134249,
        0.030154665,
        0.033675281,
        0.029827071,
        0.030920411,
        0.028647391,
        0.031759916000000006,
        0.02984503,
        0.035028292,
        0.031309461000000004,
        0.029318176,
        0.031229132000000003,
        0.03183698100000001,
        0.032673714000000006,
        0.028413715,
        0.027791166,
        0.029306928,
        0.026244815,
        0.026687461,
        0.030531850000000003,
        0.028747347
      ],
      "memory_usage_byte": [
        5857280,
        5857280,
        5857280,
        5857280,
        5857280,
        5857280,
        5857280,
        5857280,
        5857280,
        5857280,
        5857280,
        5857280,
        5857280,
        5857280,
        5857280,
        5857280,
        5857280,
        5857280,
        5857280,
        5857280,
        5857280,
        5857280,
        5857280,
        5857280,
        5857280,
        5857280,
        5857280,
        5857280,
        5857280,
        5857280,
        5857280,
        5857280,
        5857280,
        5857280,
        5857280,
        5857280,
        5857280,
        5857280,
        5857280,
        5857280,
        5857280,
        5857280,
        5857280,
        5857280,
        5857280,
        5857280,
        5857280,
        5857280,
        5857280,
        5857280,
        5857280,
        5857280,
        5857280,
        5857280,
        5857280,
        5857280,
        5857280,
        5857280,
        5857280,
        5857280,
        5857280,
        5857280,
        5857280,
        5857280,
        5857280,
        5857280,
        5857280,
        5857280,
        5857280,
        5857280,
        5857280,
        5857280,
        5857280,
        5857280,
        5857280,
        5857280,
        5857280,
        5857280,
        5857280,
        5857280,
        5857280,
        5857280,
        5857280,
        5857280,
        5857280
      ],
      "exit_codes": [
        0,
        0,
        0,
        0,
        0,
        0,
        0,
        0,
        0,
        0,
        0,
        0,
        0,
        0,
        0,
        0,
        0,
        0,
        0,
        0,
        0,
        0,
        0,
        0,
        0,
        0,
        0,
        0,
        0,
        0,
        0,
        0,
        0,
        0,
        0,
        0,
        0,
        0,
        0,
        0,
        0,
        0,
        0,
        0,
        0,
        0,
        0,
        0,
        0,
        0,
        0,
        0,
        0,
        0,
        0,
        0,
        0,
        0,
        0,
        0,
        0,
        0,
        0,
        0,
        0,
        0,
        0,
        0,
        0,
        0,
        0,
        0,
        0,
        0,
        0,
        0,
        0,
        0,
        0,
        0,
        0,
        0,
        0,
        0,
        0
      ]
    },
    {
      "command": "st",
      "mean": 0.06044782734782611,
      "stddev": 0.003376496967892111,
      "median": 0.06054529000000001,
      "user": 0.023686152173913046,
      "system": 0.006890909565217392,
      "min": 0.053919194000000004,
      "max": 0.069317851,
      "times": [
        0.06267422,
        0.065389401,
        0.064749518,
        0.063485933,
        0.05853048,
        0.063351217,
        0.065569401,
        0.064146349,
        0.06180900500000001,
        0.061398598000000006,
        0.05955354200000001,
        0.058973867000000006,
        0.06041393400000001,
        0.064271357,
        0.062933127,
        0.065440093,
        0.054997186,
        0.06171507900000001,
        0.069317851,
        0.060831633,
        0.060808734,
        0.063995642,
        0.064447316,
        0.057788885000000005,
        0.05903292400000001,
        0.06132736400000001,
        0.057916775000000004,
        0.056163464,
        0.060366496000000006,
        0.059629347000000006,
        0.055004142000000006,
        0.057856169000000006,
        0.057506439000000006,
        0.057965391000000005,
        0.055944375000000005,
        0.05580812,
        0.057163388,
        0.061990991,
        0.060916265000000004,
        0.057405223000000005,
        0.06067664600000001,
        0.05676490900000001,
        0.053919194000000004,
        0.060051244000000004,
        0.05853001000000001,
        0.06206881400000001
      ],
      "memory_usage_byte": [
        24961024,
        24961024,
        24961024,
        24977408,
        24977408,
        24977408,
        24977408,
        24977408,
        24977408,
        24977408,
        24997888,
        24997888,
        24997888,
        24997888,
        24997888,
        25083904,
        25083904,
        25083904,
        25083904,
        25088000,
        25088000,
        25088000,
        25088000,
        25088000,
        25088000,
        25088000,
        25088000,
        25088000,
        25088000,
        25088000,
        25088000,
        25088000,
        25088000,
        25088000,
        25088000,
        25088000,
        25088000,
        25088000,
        25088000,
        25088000,
        25088000,
        25088000,
        25088000,
        25088000,
        25088000,
        25088000
      ],
      "exit_codes": [
        1,
        1,
        1,
        1,
        1,
        1,
        1,
        1,
        1,
        1,
        1,
        1,
        1,
        1,
        1,
        1,
        1,
        1,
        1,
        1,
        1,
        1,
        1,
        1,
        1,
        1,
        1,
        1,
        1,
        1,
        1,
        1,
        1,
        1,
        1,
        1,
        1,
        1,
        1,
        1,
        1,
        1,
        1,
        1,
        1,
        1
      ]
    },
    {
      "command": "xterm",
      "mean": 0.042634816343283595,
      "stddev": 0.003007480442626521,
      "median": 0.04224249000000001,
      "user": 0.009808246268656713,
      "system": 0.0037410325373134334,
      "min": 0.038301512,
      "max": 0.058567392,