{
  "results": [
    {
      "command": "zt",
      "mean": 0.030312808830873776,
      "stddev": 0.0024994332767834066,
      "median": 0.030101816860000002,
      "user": 0.000979392427184466,
      "system": 0.002732377281553397,
      "min": 0.025646524860000002,
      "max": 0.03889658086,
      "times": [
        0.027939541860000004,
        0.027411390860000003,
        0.02972866886,
        0.03089015486,
        0.029658942860000002,
        0.02965470586,
        0.03139777386,
        0.03278873986,
        0.03209927386,
        0.027614339860000003,
        0.03192654786,
        0.030088908860000003,
        0.02689276586,
        0.03133583086,
        0.028439194860000003,
        0.030888410860000003,
        0.03184436086,
        0.02888089186,
        0.027478120860000003,
        0.025943956860000002,
        0.027487896860000003,
        0.03285204586,
        0.03018726086,
        0.03214055186,
        0.03161375786,
        0.03387478186,
        0.030306056860000003,
        0.03801505386,
        0.02661911386,
        0.027952895860000004,
        0.02991595986,
        0.026481796860000004,
        0.030228539860000004,
        0.027932370860000003,
        0.03188581286,
        0.028646526860000004,
        0.03100612486,
        0.029715172860000003,
        0.03119208586,
        0.03089698786,
        0.03164132886,
        0.036714295859999996,
        0.03434971086,
        0.03315582186,
        0.03184602786,
        0.03616589886,
        0.02763787586,
        0.03244890986,
        0.029531958860000002,
        0.03357436286,
        0.03009898486,
        0.03125826586,
        0.029234770860000002,
        0.02723413686,
        0.03424534686,
        0.03217646186,
        0.02935459186,
        0.029740687860000004,
        0.02960472386,
        0.02910339186,
        0.02796992786,
        0.02914604486,
        0.02728812686,
        0.029470597860000003,
        0.026666001860000003,
        0.030634997860000002,
        0.03227526786,
        0.03247838786,
        0.03361917386,
        0.03889658086,
        0.027333506860000002,
        0.03172893686,
        0.030890298860000002,
        0.03230490986,
        0.03180948486,
        0.029424393860000002,
        0.029062058860000003,
        0.030101816860000002,
        0.02994562786,
        0.02958531986,
        0.029267547860000003,
        0.02724227586,
        0.027402463860000004,
        0.03138448886,
        0.03305000286,
        0.030967254860000005,
        0.029234215860000003,
        0.03356301886,
        0.031202673860000005,
        0.03132239186,
        0.02859018786,
        0.02626237886,
        0.027448237860000002,
        0.030538901860000005,
        0.03030981986,
        0.025646524860000002,
        0.02826294986,
        0.03198382086,
        0.027562624860000003,
        0.02894183586,
        0.028770619860000003,
        0.030565981860000004,
        0.03109675786
      ],
      "memory_usage_byte": [
        5857280,
        5857280,
        5857280,
        5857280,
        5857280,
        5857280,
        5857280,
        5857280,
        5857280,
        5857280,
        5857280,
        5857280,
        5857280,
        5857280,
        5857280,
        5857280,
        5857280,
        5857280,
        5857280,
        5857280,
        5857280,
        5857280,
        5857280,
        5857280,
        5857280,
        5857280,
        5857280,
        5857280,
        5857280,
        5857280,
        5857280,
        5857280,
        5857280,
        5857280,
        5857280,
        5857280,
        5857280,
        5857280,
        5857280,
        5857280,
        5857280,
        5857280,
        5857280,
        5857280,
        5857280,
        5857280,
        5857280,
        5857280,
        5857280,
        5857280,
        5857280,
        5857280,
        5857280,
        5857280,
        5857280,
        5857280,
        5857280,
        5857280,
        5857280,
        5857280,
        5857280,
        5857280,
        5857280,
        5857280,
        5857280,
        5857280,
        5857280,
        5857280,
        5857280,
        5857280,
        5857280,
        5857280,
        5857280,
        5857280,
        5857280,
        5857280,
        5857280,
        5857280,
        5857280,
        5857280,
        5857280,
        5857280,
        5857280,
        5857280,
        5857280,
        5857280,
        5857280,
        5857280,
        5857280,
        5857280,
        5857280,
        5857280,
        5857280,
        5857280,
        5857280,
        5857280,
        5857280,
        5857280,
        5857280,
        5857280,
        5857280,
        5857280,
        5857280
      ],
      "exit_codes": [
        0,
        0,
        0,
        0,
        0,
        0,
        0,
        0,
        0,
        0,
        0,
        0,
        0,
        0,
        0,
        0,
        0,
        0,
        0,
        0,
        0,
        0,
        0,
        0,
        0,
        0,
        0,
        0,
        0,
        0,
        0,
        0,
        0,
        0,
        0,
        0,
        0,
        0,
        0,
        0,
        0,
        0,
        0,
        0,
        0,
        0,
        0,
        0,
        0,
        0,
        0,
        0,
        0,
        0,
        0,
        0,
        0,
        0,
        0,
        0,
        0,
        0,
        0,
        0,
        0,
        0,
        0,
        0,
        0,
        0,
        0,
        0,
        0,
        0,
        0,
        0,
        0,
        0,
        0,
        0,
        0,
        0,
        0,
        0,
        0,
        0,
        0,
        0,
        0,
        0,
        0,
        0,
        0,
        0,
        0,
        0,
        0,
        0,
        0,
        0,
        0,
        0,
        0
      ]
    },
    {
      "command": "st",
      "mean": 0.06344826060999999,
      "stddev": 0.006194560265477914,
      "median": 0.06229037036,
      "user": 0.025039604999999993,
      "system": 0.007311411666666669,
      "min": 0.05324786386,
      "max": 0.08376388586,
      "times": [
        0.06060882586,
        0.06923312586,
        0.08376388586,
        0.07375401186,
        0.06253511286,
        0.05968271486,
        0.06070451786,
        0.06179540386,
        0.06164073786,
        0.05452902386,
        0.06208556686,
        0.06515886586,
        0.05801652286,
        0.06580892486,
        0.06856175286,
        0.07462048986,
        0.06575608586000001,
        0.05967127386,
        0.06352739786,
        0.06704004686000001,
        0.06665119486,
        0.06409824586,
        0.06001616286,
        0.061605367859999996,
        0.05974071386,
        0.06529052286,
        0.06375731786,
        0.07570118686,
        0.07415782686,
        0.06965114886,
        0.06727310586,
        0.06089177186,
        0.06534085786,
        0.06486842286,
        0.06073301886,
        0.05469103886,
        0.05465762386,
        0.05594759986,
        0.05877320286,
        0.06124861286,
        0.06137523386,
        0.05562261986,
        0.07098638486,
        0.06249517386,
        0.05898385786,
        0.06256084386,
        0.05665529886,
        0.05324786386
      ],