{
  "results": [
    {
      "command": "zt",
      "mean": 0.029920303705106368,
      "stddev": 0.002781593082091155,
      "median": 0.029640020620000002,
      "user": 0.0009607314893617021,
      "system": 0.0026115538297872337,
      "min": 0.02546357062,
      "max": 0.04046236462,
      "times": [
        0.03052763662,
        0.02895683862,
        0.031107189620000003,
        0.033113121620000005,
        0.030365904620000002,
        0.031144466620000005,
        0.035338247620000006,
        0.02993880562,
        0.029647606620000003,
        0.027414976620000003,
        0.03025828362,
        0.026746893620000003,
        0.026406095620000004,
        0.031323796620000004,
        0.03203575862,
        0.032359282620000006,
        0.02853005562,
        0.028995507620000003,
        0.029079908620000004,
        0.027857979620000004,
        0.02962317462,
        0.027138810620000002,
        0.02923909862,
        0.028237358620000003,
        0.02902593762,
        0.02953926562,
        0.026893520620000003,
        0.033754404620000004,
        0.02848210962,
        0.026693003620000003,
        0.027203537620000003,
        0.026885222620000003,
        0.03282302662,
        0.028975001620000003,
        0.030395547620000005,
        0.02777357562,
        0.027087236620000003,
        0.028762611620000003,
        0.030998913620000006,
        0.02586958962,
        0.030602362620000004,
        0.028052351620000002,
        0.02719951962,
        0.025601934620000003,
        0.026935381620000004,
        0.03087255462,
        0.030750062620000004,
        0.029863352620000002,
        0.02838863062,
        0.030145140620000004,
        0.027044293620000003,
        0.027409691620000003,
        0.031529659620000004,
        0.029485256620000004,
        0.02714405262,
        0.02939268462,
        0.027711234620000004,
        0.032360327620000004,
        0.03619679062,
        0.030503447620000006,
        0.02999064762,
        0.03053532262,
        0.03241380562,
        0.028296874620000002,
        0.027806747620000002,
        0.03101392462,
        0.027832892620000004,
        0.027095979620000002,
        0.02771745562,
        0.03259592062,
        0.02546357062,
        0.03414822062,
        0.028578679620000002,
        0.026073639620000002,
        0.03172592962,
        0.031829742620000004,
        0.029860666620000004,
        0.04046236462,
        0.036560459620000006,
        0.038394107620000006,
        0.029632434620000002,
        0.029928436620000002,
        0.030910640620000006,
        0.03482489062,
        0.03365859962,
        0.03134349562,
        0.02651443762,
        0.03258551162,
        0.031011941620000004,
        0.028303460620000002,
        0.02986844862,
        0.02865411362,
        0.030248810620000004,
        0.032888339620000005
      ],
      "memory_usage_byte": [
        5857280,
        5857280,
        5857280,
        5857280,
        5857280,
        5857280,
        5857280,
        5857280,
        5857280,
        5857280,
        5857280,
        5857280,
        5857280,
        5857280,
        5857280,
        5857280,
        5857280,
        5857280,
        5857280,
        5857280,
        5857280,
        5857280,
        5857280,
        5857280,
        5857280,
        5857280,
        5857280,
        5857280,
        5857280,
        5857280,
        5857280,
        5857280,
        5857280,
        5857280,
        5857280,
        5857280,
        5857280,
        5857280,
        5857280,
        5857280,
        5857280,
        5857280,
        5857280,
        5857280,
        5857280,
        5857280,
        5857280,
        5857280,
        5857280,
        5857280,
        5857280,
        5857280,
        5857280,
        5857280,
        5857280,
        5857280,
        5857280,
        5857280,
        5857280,
        5857280,
        5857280,
        5857280,
        5857280,
        5857280,
        5857280,
        5857280,
        5857280,
        5857280,
        5857280,
        5857280,
        5857280,
        5857280,
        5857280,
        5857280,
        5857280,
        5857280,
        5857280,
        5857280,
        5857280,
        5857280,
        5857280,
        5857280,
        5857280,
        5857280,
        5857280,
        5857280,
        5857280,
        5857280,
        5857280,
        5857280,
        5857280,
        5857280,
        5857280,
        5857280
      ],
      "exit_codes": [
        0,
        0,
        0,
        0,
        0,
        0,
        0,
        0,
        0,
        0,
        0,
        0,
        0,
        0,
        0,
        0,
        0,
        0,
        0,
        0,
        0,
        0,
        0,
        0,
        0,
        0,
        0,
        0,
        0,
        0,
        0,
        0,
        0,
        0,
        0,
        0,
        0,
        0,
        0,
        0,
        0,
        0,
        0,
        0,
        0,
        0,
        0,
        0,
        0,
        0,
        0,
        0,
        0,
        0,
        0,
        0,
        0,
        0,
        0,
        0,
        0,
        0,
        0,
        0,
        0,
        0,
        0,
        0,
        0,
        0,
        0,
        0,
        0,
        0,
        0,
        0,
        0,
        0,
        0,
        0,
        0,
        0,
        0,
        0,
        0,
        0,
        0,
        0,
        0,
        0,
        0,
        0,
        0,
        0
      ]
    },
    {
      "command": "st",
      "mean": 0.060516033673571445,
      "stddev": 0.00449035789057513,
      "median": 0.060686452120000005,
      "user": 0.023024955000000003,
      "system": 0.007266795,
      "min": 0.05212737062,
      "max": 0.07189621262,
      "times": [
        0.05212737062,
        0.05761503162000001,
        0.05941089362,
        0.06169741762000001,
        0.06121617462000001,
        0.05355699162,
        0.05284694362,
        0.059327319620000006,
        0.059997117620000005,
        0.054984979620000006,
        0.061332639620000004,
        0.060766737620000004,
        0.060646522620000004,
        0.056448204620000005,
        0.052796095620000004,
        0.05685187062,
        0.05791522562,
        0.05362261562,
        0.06077993862,
        0.057620991620000006,
        0.06600518462,
        0.06291407662,
        0.059072590620000004,
        0.06200473262000001,
        0.06665806262,
        0.06497240861999999,
        0.07189621262,
        0.06458170762,
        0.061023000620000004,
        0.06591101062,
        0.06136193962000001,
        0.06336699261999999,
        0.060726381620000006,
        0.06234425662,
        0.07105395462,
        0.06142106362,
        0.06843174262,
        0.057468584620000006,
        0.057445913620000004,
        0.057793965620000005,
        0.06169057462,
        0.058013912620000004,
        0.06400235962,
        0.060068492620000004,
        0.05935708362000001,
        0.056438801620000006,
        0.06531960462,
        0.059480029620000006,
        0.06981948962,
        0.06305162362,
        0.06472034462,
        0.06033738562,
        0.061789018620000004,
        0.05619305662,
        0.05460591262,
        0.055995330620000006
      ],